[{"model": "contenttypes.contenttype", "pk": 1, "fields": {"app_label": "admin", "model": "logentry"}}, {"model": "contenttypes.contenttype", "pk": 2, "fields": {"app_label": "auth", "model": "permission"}}, {"model": "contenttypes.contenttype", "pk": 3, "fields": {"app_label": "auth", "model": "group"}}, {"model": "contenttypes.contenttype", "pk": 4, "fields": {"app_label": "auth", "model": "user"}}, {"model": "contenttypes.contenttype", "pk": 5, "fields": {"app_label": "contenttypes", "model": "contenttype"}}, {"model": "contenttypes.contenttype", "pk": 6, "fields": {"app_label": "sessions", "model": "session"}}, {"model": "contenttypes.contenttype", "pk": 7, "fields": {"app_label": "polls", "model": "consumption"}}, {"model": "contenttypes.contenttype", "pk": 8, "fields": {"app_label": "polls", "model": "product"}}, {"model": "contenttypes.contenttype", "pk": 9, "fields": {"app_label": "polls", "model": "team_member"}}, {"model": "sessions.session", "pk": "0gb84s5rvno1qdnk8t853zi72p08ffa9", "fields": {"session_data": "NjliYTMwNzc0MTIyYzgxZDc4YjJkYWEyZGU4NDc4N2QxMjU4NTA0YTp7Il9hdXRoX3VzZXJfaWQiOiIxIiwiX2F1dGhfdXNlcl9iYWNrZW5kIjoiZGphbmdvLmNvbnRyaWIuYXV0aC5iYWNrZW5kcy5Nb2RlbEJhY2tlbmQiLCJfYXV0aF91c2VyX2hhc2giOiI1N2VlNDQ5MjZlZGJiOGNiMDRjYzQ4NzQ1YmI5YTQ0MmUzNTA3MGI1In0=", "expire_date": "2019-04-18T15:28:34.173Z"}}, {"model": "sessions.session", "pk": "gjtnbfxo9n1d5qi3t7cbkom1r1qowa27", "fields": {"session_data": "NjliYTMwNzc0MTIyYzgxZDc4YjJkYWEyZGU4NDc4N2QxMjU4NTA0YTp7Il9hdXRoX3VzZXJfaWQiOiIxIiwiX2F1dGhfdXNlcl9iYWNrZW5kIjoiZGphbmdvLmNvbnRyaWIuYXV0aC5iYWNrZW5kcy5Nb2RlbEJhY2tlbmQiLCJfYXV0aF91c2VyX2hhc2giOiI1N2VlNDQ5MjZlZGJiOGNiMDRjYzQ4NzQ1YmI5YTQ0MmUzNTA3MGI1In0=", "expire_date": "2019-05-22T21:01:52.130Z"}}, {"model": "sessions.session", "pk": "hbytyu55ahppffmu2kxzhbeil8qp3t1w", "fields": {"session_data": "NjliYTMwNzc0MTIyYzgxZDc4YjJkYWEyZGU4NDc4N2QxMjU4NTA0YTp7Il9hdXRoX3VzZXJfaWQiOiIxIiwiX2F1dGhfdXNlcl9iYWNrZW5kIjoiZGphbmdvLmNvbnRyaWIuYXV0aC5iYWNrZW5kcy5Nb2RlbEJhY2tlbmQiLCJfYXV0aF91c2VyX2hhc2giOiI1N2VlNDQ5MjZlZGJiOGNiMDRjYzQ4NzQ1YmI5YTQ0MmUzNTA3MGI1In0=", "expire_date": "2019-04-26T16:40:28.725Z"}}, {"model": "polls.team_member", "pk": 1, "fields": {"name": "Jose"}}, {"model": "polls.team_member", "pk": 2, "fields": {"name": "Luis L"}}, {"model": "polls.team_member", "pk": 3, "fields": {"name": "Nata"}}, {"model": "polls.team_member", "pk": 4, "fields": {"name": "Leonel"}}, {"model": "polls.team_member", "pk": 5, "fields": {"name": "Yeison"}}, {"model": "polls.team_member", "pk": 6, "fields": {"name": "Brian"}}, {"model": "polls.team_member", "pk": 7, "fields": {"name": "Andres C"}}, {"model": "polls.team_member", "pk": 8, "fields": {"name": "Andres A"}}, {"model": "polls.team_member", "pk": 9, "fields": {"name": "Luis V"}}, {"model": "polls.team_member", "pk": 10, "fields": {"name": "Julian"}}, {"model": "polls.team_member", "pk": 11, "fields": {"name": "Juan"}}, {"model": "polls.team_member", "pk": 12, "fields": {"name": "Estefany"}}, {"model": "polls.team_member", "pk": 13, "fields": {"name": "Alejandra"}}, {"model": "polls.team_member", "pk": 14, "fields": {"name": "Elizabeth"}}, {"model": "polls.product", "pk": 1, "fields": {"name": "Cocosette", "quantity": 21}}, {"model": "polls.product", "pk": 2, "fields": {"name": "Achiras", "quantity": 0}}, {"model": "polls.product", "pk": 3, "fields": {"name": "Bon bon bum", "quantity": 13}}, {"model": "polls.product", "pk": 4, "fields": {"name": "Bridge", "quantity": 8}}, {"model": "polls.product", "pk": 5, "fields": {"name": "Chips Ahoy", "quantity": 0}}, {"model": "polls.product", "pk": 6, "fields": {"name": "Club Social", "quantity": 8}}, {"model": "polls.product", "pk": 7, "fields": {"name": "Chocorramos", "quantity": 18}}, {"model": "polls.product", "pk": 8, "fields": {"name": "Crispetas", "quantity": 16}}, {"model": "polls.product", "pk": 9, "fields": {"name": "Frunas", "quantity": 46}}, {"model": "polls.product", "pk": 10, "fields": {"name": "Gala Miti", "quantity": 2}}, {"model": "polls.product", "pk": 11, "fields": {"name": "Gansito", "quantity": 0}}, {"model": "polls.product", "pk": 12, "fields": {"name": "Jet", "quantity": 4}}, {"model": "polls.product", "pk": 13, "fields": {"name": "Jumbo", "quantity": 13}}, {"model": "polls.product", "pk": 14, "fields": {"name": "Pringles", "quantity": 0}}, {"model": "polls.product", "pk": 15, "fields": {"name": "Ritz", "quantity": 0}}, {"model": "polls.product", "pk": 16, "fields": {"name": "Saltin Noel", "quantity": 7}}, {"model": "polls.product", "pk": 17, "fields": {"name": "Tosh", "quantity": 44}}, {"model": "polls.consumption", "pk": 102, "fields": {"team_member": 2, "product": 2, "quantity": 4}}, {"model": "polls.consumption", "pk": 103, "fields": {"team_member": 2, "product": 4, "quantity": 4}}, {"model": "polls.consumption", "pk": 104, "fields": {"team_member": 2, "product": 6, "quantity": 8}}, {"model": "polls.consumption", "pk": 105, "fields": {"team_member": 2, "product": 1, "quantity": 4}}, {"model": "polls.consumption", "pk": 106, "fields": {"team_member": 2, "product": 10, "quantity": 12}}, {"model": "polls.consumption", "pk": 107, "fields": {"team_member": 2, "product": 12, "quantity": 8}}, {"model": "polls.consumption", "pk": 108, "fields": {"team_member": 2, "product": 14, "quantity": 4}}, {"model": "polls.consumption", "pk": 109, "fields": {"team_member": 2, "product": 17, "quantity": 8}}, {"model": "polls.consumption", "pk": 110, "fields": {"team_member": 4, "product": 3, "quantity": 4}}, {"model": "polls.consumption", "pk": 111, "fields": {"team_member": 4, "product": 6, "quantity": 4}}, {"model": "polls.consumption", "pk": 112, "fields": {"team_member": 4, "product": 1, "quantity": 4}}, {"model": "polls.consumption", "pk": 113, "fields": {"team_member": 4, "product": 12, "quantity": 4}}, {"model": "polls.consumption", "pk": 114, "fields": {"team_member": 4, "product": 14, "quantity": 8}}, {"model": "polls.consumption", "pk": 115, "fields": {"team_member": 5, "product": 3, "quantity": 8}}, {"model": "polls.consumption", "pk": 116, "fields": {"team_member": 5, "product": 7, "quantity": 4}}, {"model": "polls.consumption", "pk": 117, "fields": {"team_member": 5, "product": 9, "quantity": 16}}, {"model": "polls.consumption", "pk": 118, "fields": {"team_member": 5, "product": 10, "quantity": 16}}, {"model": "polls.consumption", "pk": 119, "fields": {"team_member": 5, "product": 11, "quantity": 8}}, {"model": "polls.consumption", "pk": 120, "fields": {"team_member": 5, "product": 12, "quantity": 4}}, {"model": "polls.consumption", "pk": 121, "fields": {"team_member": 5, "product": 13, "quantity": 4}}, {"model": "polls.consumption", "pk": 122, "fields": {"team_member": 5, "product": 14, "quantity": 16}}, {"model": "polls.consumption", "pk": 123, "fields": {"team_member": 5, "product": 17, "quantity": 16}}, {"model": "polls.consumption", "pk": 124, "fields": {"team_member": 1, "product": 6, "quantity": 8}}, {"model": "polls.consumption", "pk": 125, "fields": {"team_member": 1, "product": 1, "quantity": 8}}, {"model": "polls.consumption", "pk": 126, "fields": {"team_member": 1, "product": 17, "quantity": 4}}, {"model": "polls.consumption", "pk": 127, "fields": {"team_member": 6, "product": 6, "quantity": 4}}, {"model": "polls.consumption", "pk": 128, "fields": {"team_member": 6, "product": 7, "quantity": 4}}, {"model": "polls.consumption", "pk": 129, "fields": {"team_member": 6, "product": 9, "quantity": 20}}, {"model": "polls.consumption", "pk": 130, "fields": {"team_member": 6, "product": 11, "quantity": 8}}, {"model": "polls.consumption", "pk": 131, "fields": {"team_member": 6, "product": 12, "quantity": 8}}, {"model": "polls.consumption", "pk": 132, "fields": {"team_member": 6, "product": 13, "quantity": 8}}, {"model": "polls.consumption", "pk": 133, "fields": {"team_member": 6, "product": 17, "quantity": 4}}, {"model": "polls.consumption", "pk": 134, "fields": {"team_member": 7, "product": 7, "quantity": 32}}, {"model": "polls.consumption", "pk": 135, "fields": {"team_member": 7, "product": 9, "quantity": 12}}, {"model": "polls.consumption", "pk": 136, "fields": {"team_member": 7, "product": 10, "quantity": 16}}, {"model": "polls.consumption", "pk": 137, "fields": {"team_member": 7, "product": 11, "quantity": 8}}, {"model": "polls.consumption", "pk": 138, "fields": {"team_member": 7, "product": 12, "quantity": 8}}, {"model": "polls.consumption", "pk": 139, "fields": {"team_member": 8, "product": 4, "quantity": 8}}, {"model": "polls.consumption", "pk": 140, "fields": {"team_member": 8, "product": 7, "quantity": 4}}, {"model": "polls.consumption", "pk": 141, "fields": {"team_member": 8, "product": 1, "quantity": 16}}, {"model": "polls.consumption", "pk": 142, "fields": {"team_member": 8, "product": 9, "quantity": 4}}, {"model": "polls.consumption", "pk": 143, "fields": {"team_member": 8, "product": 12, "quantity": 8}}, {"model": "polls.consumption", "pk": 144, "fields": {"team_member": 8, "product": 13, "quantity": 8}}, {"model": "polls.consumption", "pk": 145, "fields": {"team_member": 8, "product": 17, "quantity": 8}}, {"model": "polls.consumption", "pk": 146, "fields": {"team_member": 9, "product": 6, "quantity": 4}}, {"model": "polls.consumption", "pk": 147, "fields": {"team_member": 9, "product": 1, "quantity": 8}}, {"model": "polls.consumption", "pk": 148, "fields": {"team_member": 10, "product": 2, "quantity": 4}}, {"model": "polls.consumption", "pk": 149, "fields": {"team_member": 10, "product": 4, "quantity": 4}}, {"model": "polls.consumption", "pk": 150, "fields": {"team_member": 10, "product": 5, "quantity": 4}}, {"model": "polls.consumption", "pk": 151, "fields": {"team_member": 10, "product": 1, "quantity": 4}}, {"model": "polls.consumption", "pk": 152, "fields": {"team_member": 10, "product": 8, "quantity": 4}}, {"model": "polls.consumption", "pk": 153, "fields": {"team_member": 10, "product": 12, "quantity": 4}}, {"model": "polls.consumption", "pk": 154, "fields": {"team_member": 10, "product": 13, "quantity": 4}}, {"model": "polls.consumption", "pk": 155, "fields": {"team_member": 10, "product": 14, "quantity": 4}}, {"model": "polls.consumption", "pk": 156, "fields": {"team_member": 10, "product": 15, "quantity": 4}}, {"model": "polls.consumption", "pk": 157, "fields": {"team_member": 10, "product": 17, "quantity": 16}}, {"model": "polls.consumption", "pk": 158, "fields": {"team_member": 11, "product": 3, "quantity": 4}}, {"model": "polls.consumption", "pk": 159, "fields": {"team_member": 11, "product": 1, "quantity": 4}}, {"model": "polls.consumption", "pk": 160, "fields": {"team_member": 11, "product": 13, "quantity": 24}}, {"model": "polls.consumption", "pk": 161, "fields": {"team_member": 12, "product": 5, "quantity": 8}}, {"model": "polls.consumption", "pk": 162, "fields": {"team_member": 12, "product": 1, "quantity": 16}}, {"model": "polls.consumption", "pk": 163, "fields": {"team_member": 12, "product": 8, "quantity": 4}}, {"model": "polls.consumption", "pk": 164, "fields": {"team_member": 12, "product": 10, "quantity": 4}}, {"model": "polls.consumption", "pk": 165, "fields": {"team_member": 12, "product": 12, "quantity": 4}}, {"model": "polls.consumption", "pk": 166, "fields": {"team_member": 12, "product": 13, "quantity": 12}}, {"model": "polls.consumption", "pk": 167, "fields": {"team_member": 12, "product": 14, "quantity": 16}}, {"model": "polls.consumption", "pk": 168, "fields": {"team_member": 13, "product": 2, "quantity": 8}}, {"model": "polls.consumption", "pk": 169, "fields": {"team_member": 13, "product": 3, "quantity": 4}}, {"model": "polls.consumption", "pk": 170, "fields": {"team_member": 13, "product": 6, "quantity": 4}}, {"model": "polls.consumption", "pk": 171, "fields": {"team_member": 13, "product": 9, "quantity": 8}}, {"model": "polls.consumption", "pk": 172, "fields": {"team_member": 13, "product": 10, "quantity": 4}}, {"model": "polls.consumption", "pk": 173, "fields": {"team_member": 13, "product": 12, "quantity": 8}}, {"model": "polls.consumption", "pk": 174, "fields": {"team_member": 13, "product": 13, "quantity": 8}}, {"model": "polls.consumption", "pk": 175, "fields": {"team_member": 13, "product": 14, "quantity": 8}}, {"model": "polls.consumption", "pk": 176, "fields": {"team_member": 13, "product": 16, "quantity": 8}}, {"model": "polls.consumption", "pk": 177, "fields": {"team_member": 13, "product": 17, "quantity": 12}}, {"model": "polls.consumption", "pk": 178, "fields": {"team_member": 14, "product": 8, "quantity": 4}}, {"model": "polls.consumption", "pk": 179, "fields": {"team_member": 14, "product": 14, "quantity": 16}}, {"model": "polls.consumption", "pk": 182, "fields": {"team_member": 6, "product": 13, "quantity": 5}}, {"model": "polls.consumption", "pk": 185, "fields": {"team_member": 3, "product": 10, "quantity": 3}}, {"model": "polls.consumption", "pk": 186, "fields": {"team_member": 3, "product": 3, "quantity": 9}}, {"model": "polls.consumption", "pk": 187, "fields": {"team_member": 4, "product": 13, "quantity": 1}}, {"model": "polls.consumption", "pk": 188, "fields": {"team_member": 1, "product": 1, "quantity": 2}}, {"model": "polls.consumption", "pk": 189, "fields": {"team_member": 1, "product": 3, "quantity": 1}}, {"model": "polls.consumption", "pk": 190, "fields": {"team_member": 1, "product": 3, "quantity": 6}}, {"model": "polls.consumption", "pk": 191, "fields": {"team_member": 4, "product": 13, "quantity": 4}}, {"model": "auth.permission", "pk": 1, "fields": {"name": "Can add log entry", "content_type": 1, "codename": "add_logentry"}}, {"model": "auth.permission", "pk": 2, "fields": {"name": "Can change log entry", "content_type": 1, "codename": "change_logentry"}}, {"model": "auth.permission", "pk": 3, "fields": {"name": "Can delete log entry", "content_type": 1, "codename": "delete_logentry"}}, {"model": "auth.permission", "pk": 4, "fields": {"name": "Can add permission", "content_type": 2, "codename": "add_permission"}}, {"model": "auth.permission", "pk": 5, "fields": {"name": "Can change permission", "content_type": 2, "codename": "change_permission"}}, {"model": "auth.permission", "pk": 6, "fields": {"name": "Can delete permission", "content_type": 2, "codename": "delete_permission"}}, {"model": "auth.permission", "pk": 7, "fields": {"name": "Can add group", "content_type": 3, "codename": "add_group"}}, {"model": "auth.permission", "pk": 8, "fields": {"name": "Can change group", "content_type": 3, "codename": "change_group"}}, {"model": "auth.permission", "pk": 9, "fields": {"name": "Can delete group", "content_type": 3, "codename": "delete_group"}}, {"model": "auth.permission", "pk": 10, "fields": {"name": "Can add user", "content_type": 4, "codename": "add_user"}}, {"model": "auth.permission", "pk": 11, "fields": {"name": "Can change user", "content_type": 4, "codename": "change_user"}}, {"model": "auth.permission", "pk": 12, "fields": {"name": "Can delete user", "content_type": 4, "codename": "delete_user"}}, {"model": "auth.permission", "pk": 13, "fields": {"name": "Can add content type", "content_type": 5, "codename": "add_contenttype"}}, {"model": "auth.permission", "pk": 14, "fields": {"name": "Can change content type", "content_type": 5, "codename": "change_contenttype"}}, {"model": "auth.permission", "pk": 15, "fields": {"name": "Can delete content type", "content_type": 5, "codename": "delete_contenttype"}}, {"model": "auth.permission", "pk": 16, "fields": {"name": "Can add session", "content_type": 6, "codename": "add_session"}}, {"model": "auth.permission", "pk": 17, "fields": {"name": "Can change session", "content_type": 6, "codename": "change_session"}}, {"model": "auth.permission", "pk": 18, "fields": {"name": "Can delete session", "content_type": 6, "codename": "delete_session"}}, {"model": "auth.permission", "pk": 19, "fields": {"name": "Can add consumption", "content_type": 7, "codename": "add_consumption"}}, {"model": "auth.permission", "pk": 20, "fields": {"name": "Can change consumption", "content_type": 7, "codename": "change_consumption"}}, {"model": "auth.permission", "pk": 21, "fields": {"name": "Can delete consumption", "content_type": 7, "codename": "delete_consumption"}}, {"model": "auth.permission", "pk": 22, "fields": {"name": "Can add product", "content_type": 8, "codename": "add_product"}}, {"model": "auth.permission", "pk": 23, "fields": {"name": "Can change product", "content_type": 8, "codename": "change_product"}}, {"model": "auth.permission", "pk": 24, "fields": {"name": "Can delete product", "content_type": 8, "codename": "delete_product"}}, {"model": "auth.permission", "pk": 25, "fields": {"name": "Can add team_member", "content_type": 9, "codename": "add_team_member"}}, {"model": "auth.permission", "pk": 26, "fields": {"name": "Can change team_member", "content_type": 9, "codename": "change_team_member"}}, {"model": "auth.permission", "pk": 27, "fields": {"name": "Can delete team_member", "content_type": 9, "codename": "delete_team_member"}}, {"model": "auth.user", "pk": 1, "fields": {"password": "pbkdf2_sha256$100000$aowp3BvGHcC7$yiT2BpqL1r76H+ZewyPBP/ai7l2TOfsw0kdtCH9rR2Y=", "last_login": "2019-05-08T21:01:52.125Z", "is_superuser": true, "username": "monoku", "first_name": "", "last_name": "", "email": "sara@monoku.com", "is_staff": true, "is_active": true, "date_joined": "2019-04-04T15:28:13.110Z", "groups": [], "user_permissions": []}}, {"model": "admin.logentry", "pk": 1, "fields": {"action_time": "2019-04-04T16:18:09.761Z", "user": 1, "content_type": 7, "object_id": "1", "object_repr": "4", "action_flag": 3, "change_message": ""}}, {"model": "admin.logentry", "pk": 2, "fields": {"action_time": "2019-04-04T20:02:16.998Z", "user": 1, "content_type": 7, "object_id": "9", "object_repr": "Cocosette 4", "action_flag": 3, "change_message": ""}}, {"model": "admin.logentry", "pk": 3, "fields": {"action_time": "2019-04-04T20:02:17.001Z", "user": 1, "content_type": 7, "object_id": "7", "object_repr": "None 8", "action_flag": 3, "change_message": ""}}, {"model": "admin.logentry", "pk": 4, "fields": {"action_time": "2019-04-04T20:02:17.003Z", "user": 1, "content_type": 7, "object_id": "6", "object_repr": "None 20", "action_flag": 3, "change_message": ""}}, {"model": "admin.logentry", "pk": 5, "fields": {"action_time": "2019-04-04T20:02:17.004Z", "user": 1, "content_type": 7, "object_id": "5", "object_repr": "None 16", "action_flag": 3, "change_message": ""}}, {"model": "admin.logentry", "pk": 6, "fields": {"action_time": "2019-04-04T20:02:17.006Z", "user": 1, "content_type": 7, "object_id": "4", "object_repr": "None 12", "action_flag": 3, "change_message": ""}}, {"model": "admin.logentry", "pk": 7, "fields": {"action_time": "2019-04-04T20:02:17.007Z", "user": 1, "content_type": 7, "object_id": "3", "object_repr": "None 8", "action_flag": 3, "change_message": ""}}, {"model": "admin.logentry", "pk": 8, "fields": {"action_time": "2019-04-04T20:02:17.009Z", "user": 1, "content_type": 7, "object_id": "2", "object_repr": "None 4", "action_flag": 3, "change_message": ""}}, {"model": "admin.logentry", "pk": 9, "fields": {"action_time": "2019-04-04T20:12:30.400Z", "user": 1, "content_type": 9, "object_id": "2", "object_repr": "Luis L", "action_flag": 2, "change_message": "[{\"changed\": {\"fields\": [\"products\", \"consumptions\"]}}]"}}, {"model": "admin.logentry", "pk": 10, "fields": {"action_time": "2019-04-04T20:12:57.749Z", "user": 1, "content_type": 9, "object_id": "2", "object_repr": "Luis L", "action_flag": 2, "change_message": "[{\"changed\": {\"fields\": [\"products\", \"consumptions\"]}}]"}}, {"model": "admin.logentry", "pk": 11, "fields": {"action_time": "2019-04-04T20:14:29.957Z", "user": 1, "content_type": 9, "object_id": "2", "object_repr": "Luis L", "action_flag": 2, "change_message": "[{\"changed\": {\"fields\": [\"consumptions\"]}}]"}}, {"model": "admin.logentry", "pk": 12, "fields": {"action_time": "2019-04-04T21:45:03.874Z", "user": 1, "content_type": 7, "object_id": "94", "object_repr": "Chocorramos 32", "action_flag": 1, "change_message": "[{\"added\": {}}]"}}, {"model": "admin.logentry", "pk": 13, "fields": {"action_time": "2019-04-04T22:10:58.852Z", "user": 1, "content_type": 7, "object_id": "95", "object_repr": "Jumbo 24", "action_flag": 1, "change_message": "[{\"added\": {}}]"}}, {"model": "admin.logentry", "pk": 14, "fields": {"action_time": "2019-04-12T17:46:09.236Z", "user": 1, "content_type": 7, "object_id": "40", "object_repr": "Jose Chocorramos None 8", "action_flag": 2, "change_message": "[{\"changed\": {\"fields\": [\"team_member\"]}}]"}}, {"model": "admin.logentry", "pk": 15, "fields": {"action_time": "2019-04-12T17:46:27.853Z", "user": 1, "content_type": 7, "object_id": "10", "object_repr": "Jose Cocosette None 8", "action_flag": 2, "change_message": "[{\"changed\": {\"fields\": [\"team_member\"]}}]"}}, {"model": "admin.logentry", "pk": 16, "fields": {"action_time": "2019-04-15T14:21:16.445Z", "user": 1, "content_type": 7, "object_id": "180", "object_repr": "Nata Chips Ahoy None 5", "action_flag": 3, "change_message": ""}}, {"model": "admin.logentry", "pk": 17, "fields": {"action_time": "2019-04-15T15:08:43.356Z", "user": 1, "content_type": 7, "object_id": "181", "object_repr": "Nata Chips Ahoy None 10", "action_flag": 3, "change_message": ""}}, {"model": "admin.logentry", "pk": 18, "fields": {"action_time": "2019-04-15T19:03:43.028Z", "user": 1, "content_type": 7, "object_id": "183", "object_repr": "Luis L Achiras 0 0", "action_flag": 3, "change_message": ""}}, {"model": "admin.logentry", "pk": 19, "fields": {"action_time": "2019-04-15T19:05:24.901Z", "user": 1, "content_type": 7, "object_id": "184", "object_repr": "Nata Bridge 8 6", "action_flag": 3, "change_message": ""}}, {"model": "admin.logentry", "pk": 20, "fields": {"action_time": "2019-04-22T22:01:29.440Z", "user": 1, "content_type": 7, "object_id": "191", "object_repr": "Leonel Jumbo 4", "action_flag": 1, "change_message": "[{\"added\": {}}]"}}]